<?xml version="1.0" encoding="UTF-8" ?>
<!DOCTYPE struts PUBLIC
    "-//Apache Software Foundation//DTD Struts Configuration 2.0//EN"
    "http://struts.apache.org/dtds/struts-2.0.dtd">
<struts>
	<package name="swjtu.web.RegisterAction" namespace="/register" extends="json-default">
	    <!-- 注册 -->
		<action name="register" class="swjtu.web.RegisterAction" method="register">
			<result name="Student">/student/RecordStudent.jsp</result>
			<result name="Senior">/seniors/RecordSeniors.jsp</result>
			<result name="error">/error/404error.jsp</result>
		</action>
	    <!--检验是否存在邀请码 -->
		<action name="isInvideCodeExist" class="swjtu.web.RegisterAction" method="isInvideCodeExist">
			<result type="json"></result>
		</action>
	    <!--检验是否存在已注册邮箱-->
		<action name="isEmailExist" class="swjtu.web.RegisterAction" method="isEmailExist">
			<result type="json"></result>
		</action>
	</package>
	<package name="swjtu.web.LoginAction" namespace="/login" extends="struts-default">
	    <!-- 登录 -->
		<action name="login" class="swjtu.web.LoginAction" method="login">
			<result name="StudentInfo">/student/StudentProfile.jsp</result>
			<result name="Student">/student/RecordStudent.jsp</result>
			<result name="Senior">/seniors/RecordSeniors.jsp</result>
			<result name="SeniorInfo">/seniors/SeniorsHome.jsp</result>
			<result name="Admin">/admin/main.jsp</result>
			<result name="loginError">/Home.jsp</result>
			<result name="StudentsHome">/student/StudentsHome.jsp</result>
			<result name="SeniorsHomeReal">/seniors/SeniorsHomeReal.jsp</result>
			
		</action>
	    <!-- 退出系统 -->
		<action name="exit" class="swjtu.web.LoginAction" method="exit">
			<result name="exit">/Home.jsp</result>
		</action>
	</package>
	<package name="swjtu.web.AdminAction" namespace="/admin" extends="json-default">
	    <!-- 验证管理员密码是否正确 -->
		<action name="validateAdmin" class="swjtu.web.AdminAction" method="validateAdmin">
		    <result type="json"></result>
		</action>
	    <!-- 修改管理员密码 -->
		<action name="changeAdminPwd" class="swjtu.web.AdminAction" method="changeAdminPwd">
		    <result type="json"></result>
		</action>
	</package>
	<package name="swjtu.web.StudentAction" namespace="/student" extends="json-default">
	    <!-- 查询学生信息 -->
		<action name="findSomeStudents" class="swjtu.web.StudentAction" method="findSomeStudents">
		    <result type="json"></result>
		</action>
	    <!-- 根据ssession查找学生信息 -->
		<action name="findStudentinfoBySession" class="swjtu.web.StudentAction" method="findStudentinfoBySession">
		    <result type="json"></result>
		</action>
	    <!-- 根据ssession查找学生信息 -->
		<action name="findStudentFriendInfoBySession" class="swjtu.web.StudentAction" method="findStudentFriendInfoBySession">
		    <result type="json"></result>
		</action>
	    <!-- 学生自己修改了信息 -->
		<action name="updateStudentInfo" class="swjtu.web.StudentAction" method="updateStudentInfo">
		    <result name="AddStudentSUCCESS">/student/StudentProfile.jsp</result>
		    <result name="AddStudentERROR">/error/error.jsp</result>
		</action>
	    <!-- 管理员修改学生信息和账户密码 -->
		<action name="updateStudentByAdmin" class="swjtu.web.StudentAction" method="updateStudentByAdmin">
		    <result type="json"></result>
		</action>
	    <!-- 管理员删除学生信息 -->
		<action name="deleteStudentByAdmin" class="swjtu.web.StudentAction" method="deleteStudentByAdmin">
		    <result type="json"></result>
		</action>
	    <!-- 管理员删除学生信息 -->
		<action name="addStudentInfo" class="swjtu.web.StudentAction" method="addStudentInfo">
		    <result name="AddStudentSUCCESS">/student/StudentProfile.jsp</result>
		    <result name="StudentExist">/student/StudentProfile.jsp</result>
		    <result name="AddStudentERROR">/error/addSeniorERROR.jsp</result>
		</action>
	</package>

	<package name="swjtu.web.StuInterestDicAction" namespace="/stuInterestDic" extends="json-default">
	    <!-- 爱好列表 -->
		<action name="interestList" class="swjtu.web.StuInterestDicAction" method="interestList">
		    <result type="json"></result>
		</action>
	</package>
	<package name="swjtu.web.SeniorAction" namespace="/seniorInfo" extends="json-default">
	    <!-- 增加老人信息，完善老人信息 -->
		<action name="addSeniorInfo" class="swjtu.web.SeniorAction" method="addSeniorInfo">
		    <result name="AddSeniorSUCCESS">/seniors/SeniorsHome.jsp</result>
			<result name="AddSeniorERROR">/error/addSeniorERROR.jsp</result>
		</action>
	    <!-- 查询老人信息 -->
		<action name="findSomeSeniors" class="swjtu.web.SeniorAction" method="findSomeSeniors">
		    <result type="json"></result>
		</action>
	    <!-- 老人自己修改信息 -->
		<action name="updateSeniorInfo" class="swjtu.web.SeniorAction" method="updateSeniorInfo">
			<result name="AddSeniorSUCCESS">/seniors/SeniorsProfile.jsp</result>
			<result name="SeniorExist">/seniors/SeniorsProfile.jsp</result>
			<result name="AddSeniorERROR">/error/error.jsp</result>
		</action>
	    <!-- 管理员修改老人信息 -->
		<action name="updateSeniorByAdmin" class="swjtu.web.SeniorAction" method="updateSeniorByAdmin">
		    <result type="json"></result>
		</action>
	    <!-- 管理员删除老人信息 -->
		<action name="deleteSeniorByAdmin" class="swjtu.web.SeniorAction" method="deleteSeniorByAdmin">
		    <result type="json"></result>
		</action>
	    <!-- 根据session获取老人信息 -->
		<action name="findSeniorInfoBySession" class="swjtu.web.SeniorAction" method="findSeniorInfoBySession">
		    <result type="json"></result>
		</action>
	    <!-- 根据session获取老人朋友信息 -->
		<action name="findSeniorFriendInfoBySession" class="swjtu.web.SeniorAction" method="findSeniorFriendInfoBySession">
		    <result type="json"></result>
		</action>
	    <!-- 返回算法查询出的结果 -->
		<action name="recommendateStudent" class="swjtu.web.SeniorAction" method="recommendateStudent">
		    <result type="json"></result>
		</action>
	    <!-- 更新邮件 -->
		<action name="updateAccountInfo" class="swjtu.web.SeniorAction" method="updateAccountInfo">
		    <result type="json"></result>
		    <!-- <result name="updateSeniorSUCCESS">/seniors/SeniorsProfile.jsp</result>
			<result name="updateSeniorERROR">/error/error.jsp</result> -->
		</action>
		<action name="findFriend" class="swjtu.web.SeniorAction" method="findFriend">
		    <result name="findSuccess">/seniors/SeniorsHomeReal.jsp</result>
			<result name="findError">/seniors/SeniorsHome.jsp</result> 
		</action>
	</package>

	<package name="swjtu.web.InviteCodeAction" namespace="/inviteCode" extends="json-default">
	    <!-- 查询邀请码信息 -->
		<action name="findSomeInviteCodes" class="swjtu.web.InviteCodeAction" method="findSomeInviteCodes">
		    <result type="json"></result>
		</action>
	    
	    <!-- 生成邀请码信息 -->
		<action name="generateInviteCodes" class="swjtu.web.InviteCodeAction" method="generateInviteCodes">
		    <result type="json"></result>
		</action>
	    
		<!-- 删除邀请码信息 -->
		<action name="deleteInviteCodes" class="swjtu.web.InviteCodeAction" method="deleteInviteCodes">
		    <result type="json"></result>
		</action>
	</package>
	
		<package name="swjtu.web.RelationOfStudent_InterestAction" namespace="/relationOfStudent_Interest" extends="json-default">
	    <!-- 根据session获取爱好信息 -->
		<action name="findRelationOfStudent_InterestBySession" class="swjtu.web.RelationOfStudent_InterestAction" method="findRelationOfStudent_InterestBySession">
		    <result type="json"></result>
		</action>
	    <!-- 根据session获取爱好信息 -->
		<action name="findRelationOfStudent_InterestBySession1" class="swjtu.web.RelationOfStudent_InterestAction" method="findRelationOfStudent_InterestBySession1">
		    <result type="json"></result>
		</action>
	 
	</package>
		<package name="swjtu.web.AvaiTimeOfStudentAction" namespace="/relationOfStudent_Interest" extends="json-default">
	    <!-- 根据session获取空余时间信息 -->
		<action name="findAvaiTimeOfStudentsBySession" class="swjtu.web.AvaiTimeOfStudentAction" method="findAvaiTimeOfStudentsBySession">
		    <result type="json"></result>
		</action>
	    <!-- 根据session获取空余时间信息 -->
		<action name="findAvaiTimeOfStudentsBySession1" class="swjtu.web.AvaiTimeOfStudentAction" method="findAvaiTimeOfStudentsBySession1">
		    <result type="json"></result>
		</action>
	 
	</package>

</struts>
